[
  {
    "id": "d3c974ac-f137-480b-997d-23065de7845c",
    "data": [
      {
        "text": "I want one ",
        "userDefined": false
      },
      {
        "text": "vanilla milkshake with 2%",
        "alias": "drink_composite",
        "meta": "@drink_composite",
        "userDefined": false
      },
      {
        "text": " milk",
        "userDefined": false
      }
    ],
    "isTemplate": false,
    "count": 0,
    "updated": 0
  },
  {
    "id": "1c53499b-b939-4a0a-8046-c251885d7862",
    "data": [
      {
        "text": "i want a ",
        "userDefined": false
      },
      {
        "text": "small",
        "alias": "size",
        "meta": "@size",
        "userDefined": false
      },
      {
        "text": " ",
        "userDefined": false
      },
      {
        "text": "strawberry smoothie",
        "alias": "drink_composite",
        "meta": "@drink_composite",
        "userDefined": false
      }
    ],
    "isTemplate": false,
    "count": 0,
    "updated": 0
  },
  {
    "id": "d2d2ec45-96eb-45db-92cc-5aba23648cdc",
    "data": [
      {
        "text": "two",
        "alias": "milk_type",
        "meta": "@milk_type",
        "userDefined": false
      },
      {
        "text": " ",
        "userDefined": false
      },
      {
        "text": "large",
        "alias": "size",
        "meta": "@size",
        "userDefined": false
      },
      {
        "text": " ",
        "userDefined": false
      },
      {
        "text": "soy milk chocolate milkshakes",
        "alias": "drink_composite",
        "meta": "@drink_composite",
        "userDefined": false
      }
    ],
    "isTemplate": false,
    "count": 0,
    "updated": 0
  },
  {
    "id": "736cf7ac-045f-42d6-bf70-baf962ccc3dd",
    "data": [
      {
        "text": "i\u0027d like to order a rasberry ",
        "userDefined": false
      },
      {
        "text": "smoothie",
        "alias": "drink",
        "meta": "@drink",
        "userDefined": false
      },
      {
        "text": " please",
        "userDefined": false
      }
    ],
    "isTemplate": false,
    "count": 0,
    "updated": 0
  },
  {
    "id": "03fa7a8a-2ee9-4214-a25e-e71465d9a5c9",
    "data": [
      {
        "text": "I would like a ",
        "userDefined": false
      },
      {
        "text": "mocha smoothie",
        "alias": "drink_composite",
        "meta": "@drink_composite",
        "userDefined": false
      }
    ],
    "isTemplate": false,
    "count": 0,
    "updated": 0
  }
]