[
  {
    "id": "818ac824-bd55-4ffc-a885-93550d49ae40",
    "data": [
      {
        "text": "i need to know",
        "meta": "@sys.ignore",
        "userDefined": false
      },
      {
        "text": " about ",
        "userDefined": false
      },
      {
        "text": "discipline",
        "alias": "topic",
        "meta": "@Topic",
        "userDefined": true
      }
    ],
    "isTemplate": false,
    "count": 0,
    "updated": 0
  },
  {
    "id": "f36f3da3-cc03-4658-a70c-acb117b52eb5",
    "data": [
      {
        "text": "tell me about ",
        "userDefined": false
      },
      {
        "text": "annual salary",
        "alias": "topic",
        "meta": "@Topic",
        "userDefined": true
      },
      {
        "text": "?",
        "userDefined": false
      }
    ],
    "isTemplate": false,
    "count": 0,
    "updated": 0
  },
  {
    "id": "9522cb2b-e19d-4ebb-806f-c17ecfe238a1",
    "data": [
      {
        "text": "what",
        "meta": "@sys.ignore",
        "userDefined": false
      },
      {
        "text": " are ",
        "userDefined": false
      },
      {
        "text": "hours of work",
        "alias": "topic",
        "meta": "@Topic",
        "userDefined": true
      },
      {
        "text": "?",
        "userDefined": false
      }
    ],
    "isTemplate": false,
    "count": 0,
    "updated": 0
  },
  {
    "id": "59bbb864-968e-4233-8a3c-d6e3c4f6bdb8",
    "data": [
      {
        "text": "what do you know about ",
        "userDefined": false
      },
      {
        "text": "discipline",
        "alias": "topic",
        "meta": "@Topic",
        "userDefined": true
      },
      {
        "text": "?",
        "userDefined": false
      }
    ],
    "isTemplate": false,
    "count": 0,
    "updated": 0
  },
  {
    "id": "a087d7ef-e497-4017-8df0-7a627900e138",
    "data": [
      {
        "text": "where can i find out about ",
        "userDefined": false
      },
      {
        "text": "discipline",
        "alias": "topic",
        "meta": "@Topic",
        "userDefined": true
      },
      {
        "text": "?",
        "userDefined": false
      }
    ],
    "isTemplate": false,
    "count": 0,
    "updated": 0
  },
  {
    "id": "bd6983a4-3b86-4847-9ab3-985b9982c4f3",
    "data": [
      {
        "text": "what is ",
        "userDefined": false
      },
      {
        "text": "discipline",
        "alias": "topic",
        "meta": "@Topic",
        "userDefined": true
      },
      {
        "text": "?",
        "userDefined": false
      }
    ],
    "isTemplate": false,
    "count": 0,
    "updated": 0
  },
  {
    "id": "756e31f6-5b5b-45e7-9784-7d02be4ef1c4",
    "data": [
      {
        "text": "tell me about ",
        "userDefined": false
      },
      {
        "text": "discipline",
        "alias": "topic",
        "meta": "@Topic",
        "userDefined": true
      }
    ],
    "isTemplate": false,
    "count": 0,
    "updated": 0
  },
  {
    "id": "aeec3d85-8d31-4148-a121-8c811604c7a1",
    "data": [
      {
        "text": "i would like to know about ",
        "userDefined": false
      },
      {
        "text": "discipline",
        "alias": "topic",
        "meta": "@Topic",
        "userDefined": true
      }
    ],
    "isTemplate": false,
    "count": 0,
    "updated": 0
  }
]